{
  "version": "4.0.0",
  "themes": [
    {
      "name": "Cerulean",
      "description": "A calm blue sky",
      "thumbnail": "https://bootswatch.com/cerulean/thumbnail.png",
      "preview": "https://bootswatch.com/cerulean/",
      "css": "https://bootswatch.com/4/cerulean/bootstrap.css",
      "cssMin": "https://bootswatch.com/4/cerulean/bootstrap.min.css",
      "cssCdn": "https://maxcdn.bootstrapcdn.com/bootswatch/4.0.0/cerulean/bootstrap.min.css",
      "scss": "https://bootswatch.com/4/cerulean/_bootswatch.scss",
      "scssVariables": "https://bootswatch.com/4/cerulean/_variables.scss"
    },
    {
      "name": "Cosmo",
      "description": "An ode to Metro",
      "thumbnail": "https://bootswatch.com/cosmo/thumbnail.png",
      "preview": "https://bootswatch.com/cosmo/",
      "css": "https://bootswatch.com/4/cosmo/bootstrap.css",
      "cssMin": "https://bootswatch.com/4/cosmo/bootstrap.min.css",
      "cssCdn": "https://maxcdn.bootstrapcdn.com/bootswatch/4.0.0/cosmo/bootstrap.min.css",
      "scss": "https://bootswatch.com/4/cosmo/_bootswatch.scss",
      "scssVariables": "https://bootswatch.com/4/cosmo/_variables.scss"
    },
    {
      "name": "Cyborg",
      "description": "Jet black and electric blue",
      "thumbnail": "https://bootswatch.com/cyborg/thumbnail.png",
      "preview": "https://bootswatch.com/cyborg/",
      "css": "https://bootswatch.com/4/cyborg/bootstrap.css",
      "cssMin": "https://bootswatch.com/4/cyborg/bootstrap.min.css",
      "cssCdn": "https://maxcdn.bootstrapcdn.com/bootswatch/4.0.0/cyborg/bootstrap.min.css",
      "scss": "https://bootswatch.com/4/cyborg/_bootswatch.scss",
      "scssVariables": "https://bootswatch.com/4/cyborg/_variables.scss"
    },
    {
      "name": "Darkly",
      "description": "Flatly in night mode",
      "thumbnail": "https://bootswatch.com/darkly/thumbnail.png",
      "preview": "https://bootswatch.com/darkly/",
      "css": "https://bootswatch.com/4/darkly/bootstrap.css",
      "cssMin": "https://bootswatch.com/4/darkly/bootstrap.min.css",
      "cssCdn": "https://maxcdn.bootstrapcdn.com/bootswatch/4.0.0/darkly/bootstrap.min.css",
      "scss": "https://bootswatch.com/4/darkly/_bootswatch.scss",
      "scssVariables": "https://bootswatch.com/4/darkly/_variables.scss"
    },
    {
      "name": "Flatly",
      "description": "Flat and modern",
      "thumbnail": "https://bootswatch.com/flatly/thumbnail.png",
      "preview": "https://bootswatch.com/flatly/",
      "css": "https://bootswatch.com/4/flatly/bootstrap.css",
      "cssMin": "https://bootswatch.com/4/flatly/bootstrap.min.css",
      "cssCdn": "https://maxcdn.bootstrapcdn.com/bootswatch/4.0.0/flatly/bootstrap.min.css",
      "scss": "https://bootswatch.com/4/flatly/_bootswatch.scss",
      "scssVariables": "https://bootswatch.com/4/flatly/_variables.scss"
    },
    {
      "name": "Journal",
      "description": "Crisp like a new sheet of paper",
      "thumbnail": "https://bootswatch.com/journal/thumbnail.png",
      "preview": "https://bootswatch.com/journal/",
      "css": "https://bootswatch.com/4/journal/bootstrap.css",
      "cssMin": "https://bootswatch.com/4/journal/bootstrap.min.css",
      "cssCdn": "https://maxcdn.bootstrapcdn.com/bootswatch/4.0.0/journal/bootstrap.min.css",
      "scss": "https://bootswatch.com/4/journal/_bootswatch.scss",
      "scssVariables": "https://bootswatch.com/4/journal/_variables.scss"
    },
    {
      "name": "Litera",
      "description": "The medium is the message",
      "thumbnail": "https://bootswatch.com/litera/thumbnail.png",
      "preview": "https://bootswatch.com/litera/",
      "css": "https://bootswatch.com/4/litera/bootstrap.css",
      "cssMin": "https://bootswatch.com/4/litera/bootstrap.min.css",
      "cssCdn": "https://maxcdn.bootstrapcdn.com/bootswatch/4.0.0/litera/bootstrap.min.css",
      "scss": "https://bootswatch.com/4/litera/_bootswatch.scss",
      "scssVariables": "https://bootswatch.com/4/litera/_variables.scss"
    },
    {
      "name": "Lumen",
      "description": "Light and shadow",
      "thumbnail": "https://bootswatch.com/lumen/thumbnail.png",
      "preview": "https://bootswatch.com/lumen/",
      "css": "https://bootswatch.com/4/lumen/bootstrap.css",
      "cssMin": "https://bootswatch.com/4/lumen/bootstrap.min.css",
      "cssCdn": "https://maxcdn.bootstrapcdn.com/bootswatch/4.0.0/lumen/bootstrap.min.css",
      "scss": "https://bootswatch.com/4/lumen/_bootswatch.scss",
      "scssVariables": "https://bootswatch.com/4/lumen/_variables.scss"
    },
    {
      "name": "Lux",
      "description": "A touch of class",
      "thumbnail": "https://bootswatch.com/lux/thumbnail.png",
      "preview": "https://bootswatch.com/lux/",
      "css": "https://bootswatch.com/4/lux/bootstrap.css",
      "cssMin": "https://bootswatch.com/4/lux/bootstrap.min.css",
      "cssCdn": "https://maxcdn.bootstrapcdn.com/bootswatch/4.0.0/lux/bootstrap.min.css",
      "scss": "https://bootswatch.com/4/lux/_bootswatch.scss",
      "scssVariables": "https://bootswatch.com/4/lux/_variables.scss"
    },
    {
      "name": "Materia",
      "description": "Material is the metaphor",
      "thumbnail": "https://bootswatch.com/materia/thumbnail.png",
      "preview": "https://bootswatch.com/materia/",
      "css": "https://bootswatch.com/4/materia/bootstrap.css",
      "cssMin": "https://bootswatch.com/4/materia/bootstrap.min.css",
      "cssCdn": "https://maxcdn.bootstrapcdn.com/bootswatch/4.0.0/materia/bootstrap.min.css",
      "scss": "https://bootswatch.com/4/materia/_bootswatch.scss",
      "scssVariables": "https://bootswatch.com/4/materia/_variables.scss"
    },
    {
      "name": "Minty",
      "description": "A fresh feel",
      "thumbnail": "https://bootswatch.com/minty/thumbnail.png",
      "preview": "https://bootswatch.com/minty/",
      "css": "https://bootswatch.com/4/minty/bootstrap.css",
      "cssMin": "https://bootswatch.com/4/minty/bootstrap.min.css",
      "cssCdn": "https://maxcdn.bootstrapcdn.com/bootswatch/4.0.0/minty/bootstrap.min.css",
      "scss": "https://bootswatch.com/4/minty/_bootswatch.scss",
      "scssVariables": "https://bootswatch.com/4/minty/_variables.scss"
    },
    {
      "name": "Pulse",
      "description": "A trace of purple",
      "thumbnail": "https://bootswatch.com/pulse/thumbnail.png",
      "preview": "https://bootswatch.com/pulse/",
      "css": "https://bootswatch.com/4/pulse/bootstrap.css",
      "cssMin": "https://bootswatch.com/4/pulse/bootstrap.min.css",
      "cssCdn": "https://maxcdn.bootstrapcdn.com/bootswatch/4.0.0/pulse/bootstrap.min.css",
      "scss": "https://bootswatch.com/4/pulse/_bootswatch.scss",
      "scssVariables": "https://bootswatch.com/4/pulse/_variables.scss"
    },
    {
      "name": "Sandstone",
      "description": "A touch of warmth",
      "thumbnail": "https://bootswatch.com/sandstone/thumbnail.png",
      "preview": "https://bootswatch.com/sandstone/",
      "css": "https://bootswatch.com/4/sandstone/bootstrap.css",
      "cssMin": "https://bootswatch.com/4/sandstone/bootstrap.min.css",
      "cssCdn": "https://maxcdn.bootstrapcdn.com/bootswatch/4.0.0/sandstone/bootstrap.min.css",
      "scss": "https://bootswatch.com/4/sandstone/_bootswatch.scss",
      "scssVariables": "https://bootswatch.com/4/sandstone/_variables.scss"
    },
    {
      "name": "Simplex",
      "description": "Mini and minimalist",
      "thumbnail": "https://bootswatch.com/simplex/thumbnail.png",
      "preview": "https://bootswatch.com/simplex/",
      "css": "https://bootswatch.com/4/simplex/bootstrap.css",
      "cssMin": "https://bootswatch.com/4/simplex/bootstrap.min.css",
      "cssCdn": "https://maxcdn.bootstrapcdn.com/bootswatch/4.0.0/simplex/bootstrap.min.css",
      "scss": "https://bootswatch.com/4/simplex/_bootswatch.scss",
      "scssVariables": "https://bootswatch.com/4/simplex/_variables.scss"
    },
    {
      "name": "Sketchy",
      "description": "A hand-drawn look for mockups and mirth",
      "thumbnail": "https://bootswatch.com/sketchy/thumbnail.png",
      "preview": "https://bootswatch.com/sketchy/",
      "css": "https://bootswatch.com/4/sketchy/bootstrap.css",
      "cssMin": "https://bootswatch.com/4/sketchy/bootstrap.min.css",
      "cssCdn": "https://maxcdn.bootstrapcdn.com/bootswatch/4.0.0/sketchy/bootstrap.min.css",
      "scss": "https://bootswatch.com/4/sketchy/_bootswatch.scss",
      "scssVariables": "https://bootswatch.com/4/sketchy/_variables.scss"
    },
    {
      "name": "Slate",
      "description": "Shades of gunmetal gray",
      "thumbnail": "https://bootswatch.com/slate/thumbnail.png",
      "preview": "https://bootswatch.com/slate/",
      "css": "https://bootswatch.com/4/slate/bootstrap.css",
      "cssMin": "https://bootswatch.com/4/slate/bootstrap.min.css",
      "cssCdn": "https://maxcdn.bootstrapcdn.com/bootswatch/4.0.0/slate/bootstrap.min.css",
      "scss": "https://bootswatch.com/4/slate/_bootswatch.scss",
      "scssVariables": "https://bootswatch.com/4/slate/_variables.scss"
    },
    {
      "name": "Solar",
      "description": "A spin on Solarized",
      "thumbnail": "https://bootswatch.com/solar/thumbnail.png",
      "preview": "https://bootswatch.com/solar/",
      "css": "https://bootswatch.com/4/solar/bootstrap.css",
      "cssMin": "https://bootswatch.com/4/solar/bootstrap.min.css",
      "cssCdn": "https://maxcdn.bootstrapcdn.com/bootswatch/4.0.0/solar/bootstrap.min.css",
      "scss": "https://bootswatch.com/4/solar/_bootswatch.scss",
      "scssVariables": "https://bootswatch.com/4/solar/_variables.scss"
    },
    {
      "name": "Spacelab",
      "description": "Silvery and sleek",
      "thumbnail": "https://bootswatch.com/spacelab/thumbnail.png",
      "preview": "https://bootswatch.com/spacelab/",
      "css": "https://bootswatch.com/4/spacelab/bootstrap.css",
      "cssMin": "https://bootswatch.com/4/spacelab/bootstrap.min.css",
      "cssCdn": "https://maxcdn.bootstrapcdn.com/bootswatch/4.0.0/spacelab/bootstrap.min.css",
      "scss": "https://bootswatch.com/4/spacelab/_bootswatch.scss",
      "scssVariables": "https://bootswatch.com/4/spacelab/_variables.scss"
    },
    {
      "name": "Superhero",
      "description": "The brave and the blue",
      "thumbnail": "https://bootswatch.com/superhero/thumbnail.png",
      "preview": "https://bootswatch.com/superhero/",
      "css": "https://bootswatch.com/4/superhero/bootstrap.css",
      "cssMin": "https://bootswatch.com/4/superhero/bootstrap.min.css",
      "cssCdn": "https://maxcdn.bootstrapcdn.com/bootswatch/4.0.0/superhero/bootstrap.min.css",
      "scss": "https://bootswatch.com/4/superhero/_bootswatch.scss",
      "scssVariables": "https://bootswatch.com/4/superhero/_variables.scss"
    },
    {
      "name": "United",
      "description": "Ubuntu orange and unique font",
      "thumbnail": "https://bootswatch.com/united/thumbnail.png",
      "preview": "https://bootswatch.com/united/",
      "css": "https://bootswatch.com/4/united/bootstrap.css",
      "cssMin": "https://bootswatch.com/4/united/bootstrap.min.css",
      "cssCdn": "https://maxcdn.bootstrapcdn.com/bootswatch/4.0.0/united/bootstrap.min.css",
      "scss": "https://bootswatch.com/4/united/_bootswatch.scss",
      "scssVariables": "https://bootswatch.com/4/united/_variables.scss"
    },
    {
      "name": "Yeti",
      "description": "A friendly foundation",
      "thumbnail": "https://bootswatch.com/yeti/thumbnail.png",
      "preview": "https://bootswatch.com/yeti/",
      "css": "https://bootswatch.com/4/yeti/bootstrap.css",
      "cssMin": "https://bootswatch.com/4/yeti/bootstrap.min.css",
      "cssCdn": "https://maxcdn.bootstrapcdn.com/bootswatch/4.0.0/yeti/bootstrap.min.css",
      "scss": "https://bootswatch.com/4/yeti/_bootswatch.scss",
      "scssVariables": "https://bootswatch.com/4/yeti/_variables.scss"
    }
  ]
}
